{
  "name": "angular-route",
  "version": "1.6.0",
  "license": "MIT",
  "main": "./angular-route.js",
  "ignore": [],
  "dependencies": {
    "angular": "1.6.0"
  },
  "homepage": "https://github.com/angular/bower-angular-route",
  "_release": "1.6.0",
  "_resolution": {
    "type": "version",
    "tag": "v1.6.0",
    "commit": "4804248d3bcfdd037923e45c03b51629a68b1565"
  },
  "_source": "https://github.com/angular/bower-angular-route.git",
  "_target": "*",
  "_originalSource": "angular-route"
}